,year,p
0,1818,groote buitenlandsche bezittingen
1,1818,groote buitenlandsche huzen
2,1826,groote buitenlandsche kapitalen
3,1827,groote buitenlandsche en
4,1827,groote buitenlandsche ongelegenheden
5,1830,groote buitenlandsche huizen
6,1833,groote buitenlandsche aangelegenheden
7,1834,groote buitenlandsche schuld
8,1835,groote buitenlandsche aanvoer
9,1835,groote buitenlandsche kwestieu
10,1840,groote buitenlandsche gebeurtenissen
11,1840,groote buitenlandsche concurrentie
12,1840,groote buitenlandsche gebeurtenissen
13,1840,groote buitenlandsche steden
14,1840,groote buitenlandsche sleden
15,1842,groote buitenlandsche concurrentie
16,1843,groote buitenlandsche hinderpaal
17,1845,groote buitenlandsche magten
18,1845,groote buitenlandsche resultaat
19,1846,groote buitenlandsche speculatien
20,1847,groote buitenlandsche aanvoeren
21,1847,groote buitenlandsche aanvoeren
22,1849,groote buitenlandsche toevoer
23,1849,groote buitenlandsche toevoer
24,1851,groote buitenlandsche bladen
25,1854,groote buitenlandsche bladen
26,1854,groote buitenlandsche orders
27,1854,groote buitenlandsche handelsbelangen
28,1855,groote buitenlandsche instellingen
29,1856,groote buitenlandsche bladen
30,1856,groote buitenlandsche vraagstuk
31,1857,groote buitenlandsche orders
32,1858,groote buitenlandsche mogendheden
33,1858,groote buitenlandsche handelhuizen
34,1858,groote buitenlandsche bladen
35,1858,groote buitenlandsche mogendheden
36,1858,groote buitenlandsche orders
37,1858,groote buitenlandsche orders
38,1859,groote buitenlandsche fabriekanten
39,1859,groote buitenlandsche fabriekanten
40,1860,groote buitenlandsche crisis
41,1860,groote buitenlandsche verbindingen
42,1860,groote buitenlandsche mogendheid
43,1860,groote buitenlandsche mogendheid
44,1860,groote buitenlandsche communicatien
45,1860,groote buitenlandsche havens
46,1861,groote buitenlandsche gevaren
47,1861,groote buitenlandsche reis
48,1861,groote buitenlandsche delft
49,1861,groote buitenlandsche reis
50,1861,groote buitenlandsche mogendheid
51,1861,groote buitenlandsche reizen
52,1861,groote buitenlandsche kwestiën
53,1861,groote buitenlandsche mogendheden
54,1861,groote buitenlandsche theaters
55,1861,groote buitenlandsche reis
56,1861,groote buitenlandsche theaters
57,1861,groote buitenlandsche markten
58,1862,groote buitenlandsche actie
59,1863,groote buitenlandsche reis
60,1863,groote buitenlandsche reis
61,1863,groote buitenlandsche en
62,1863,groote buitenlandsche dagbladen
63,1863,groote buitenlandsche rei»
64,1863,groote buitenlandsche reis
65,1863,groote buitenlandsche reis
66,1863,groote buitenlandsche ondernemingen
67,1863,groote buitenlandsche reis
68,1864,groote buitenlandsche reis
69,1864,groote buitenlandsche reis
70,1864,groote buitenlandsche ries
71,1864,groote buitenlandsche kunstkenners
72,1864,groote buitenlandsche belangen
73,1864,groote buitenlandsche bladen
74,1864,groote buitenlandsche verwikkelingen
75,1864,groote buitenlandsche nieuws
76,1864,groote buitenlandsche vraagstukken
77,1864,groote buitenlandsche reis
78,1864,groote buitenlandsche reis
79,1865,groote buitenlandsche bladen
80,1865,groote buitenlandsche spoorwegonderneming
81,1865,groote buitenlandsche steden
82,1865,groote buitenlandsche markten
83,1865,groote buitenlandsche dagbladen
84,1866,groote buitenlandsche maatschappij
85,1866,groote buitenlandsche vraastukken
86,1866,groote buitenlandsche reis
87,1866,groote buitenlandsche reis
88,1866,groote buitenlandsche maatschappij
89,1866,groote buitenlandsche reis
90,1867,groote buitenlandsche opgaven
91,1867,groote buitenlandsche en
92,1867,groote buitenlandsche fabrieken
93,1867,groote buitenlandsche aangelegenheid
94,1867,groote buitenlandsche bladen
95,1867,groote buitenlandsche spoorwegstations
96,1868,groote buitenlandsche aanvoer
97,1868,groote buitenlandsche verkooporders
98,1868,groote buitenlandsche verwikkelingen
99,1868,groote buitenlandsche verwikkelingen
100,1868,groote buitenlandsche hoofdsteden
101,1868,groote buitenlandsche vraagstukken
102,1868,groote buitenlandsche firmas
103,1868,groote buitenlandsche vijanden
104,1868,groote buitenlandsche leening
105,1869,groote buitenlandsche bladen
106,1869,groote buitenlandsche maatschappij
107,1869,groote buitenlandsche reis
108,1869,groote buitenlandsche maatschappij
109,1869,groote buitenlandsche maatschappij
110,1869,groote buitenlandsche pers
111,1869,groote buitenlandsche reis
112,1869,groote buitenlandsche bladen
113,1869,groote buitenlandsche bladen
114,1869,groote buitenlandsche nieuws
115,1869,groote buitenlandsche reis
116,1869,groote buitenlandsche vaart
117,1869,groote buitenlandsche reis
118,1869,groote buitenlandsche reis
119,1870,groote buitenlandsche wereldmarkten
120,1870,groote buitenlandsche aaubiedingen
121,1870,groote buitenlandsche quaestien
122,1871,groote buitenlandsche staatslecningen
123,1871,groote buitenlandsche reizen
124,1871,groote buitenlandsche reis
125,1871,groote buitenlandsche verkoopen
126,1872,groote buitenlandsche vraagstuk
127,1872,groote buitenlandsche schuld
128,1872,groote buitenlandsche bladen
129,1872,groote buitenlandsche havens
130,1872,groote buitenlandsche spoorwegen
131,1872,groote buitenlandsche reis
132,1872,groote buitenlandsche maatschappijen
133,1872,groote buitenlandsche bladen
134,1872,groote buitenlandsche bladen
135,1873,groote buitenlandsche reis
136,1873,groote buitenlandsche reis
137,1873,groote buitenlandsche bladen
138,1873,groote buitenlandsche dagbladen
139,1873,groote buitenlandsche bladen
140,1873,groote buitenlandsche geïllustreerde
141,1873,groote buitenlandsche bladen
142,1874,groote buitenlandsche liberale
143,1874,groote buitenlandsche aangelegenheden
144,1874,groote buitenlandsche aangelegenheid
145,1874,groote buitenlandsche feiten
146,1874,groote buitenlandsche politieke
147,1875,groote buitenlandsche scheepvaart
148,1875,groote buitenlandsche gebeurtenissen
149,1875,groote buitenlandsche maatschappijen
150,1876,groote buitenlandsche maatschappijen
151,1876,groote buitenlandsche reis
152,1876,groote buitenlandsche reis
153,1876,groote buitenlandsche kwestie
154,1876,groote buitenlandsche steden
155,1876,groote buitenlandsche steden
156,1876,groote buitenlandsche reis
157,1876,groote buitenlandsche oorlogen
158,1876,groote buitenlandsche bladen
159,1877,groote buitenlandsche componisten
160,1877,groote buitenlandsche en
161,1877,groote buitenlandsche reis
162,1878,groote buitenlandsche verkoopen
163,1878,groote buitenlandsche leening
164,1878,groote buitenlandsche leening
165,1878,groote buitenlandsche pers
166,1878,groote buitenlandsche koopraansbourzon
167,1878,groote buitenlandsche dagbladen
168,1878,groote buitenlandsche banken
169,1878,groote buitenlandsche maats
170,1878,groote buitenlandsche maatschappijen
171,1879,groote buitenlandsche door
172,1879,groote buitenlandsche huizen
173,1879,groote buitenlandsche bladen
174,1879,groote buitenlandsche bladen
175,1879,groote buitenlandsche magazijnen
176,1879,groote buitenlandsche staatsleeningen
177,1879,groote buitenlandsche verkooporders
178,1879,groote buitenlandsche hankiershuizen
179,1879,groote buitenlandsche zeehavens
180,1879,groote buitenlandsche bladen
181,1879,groote buitenlandsche bladen
182,1879,groote buitenlandsche maatschappij
183,1879,groote buitenlandsche bladen
184,1879,groote buitenlandsche huizen
185,1879,groote buitenlandsche handelshuizen
186,1879,groote buitenlandsche handelshuizen
187,1879,groote buitenlandsche lmiïen
188,1879,groote buitenlandsche de
189,1880,groote buitenlandsche pers
190,1880,groote buitenlandsche mogendheid
191,1880,groote buitenlandsche steden
192,1880,groote buitenlandsche huizen
193,1880,groote buitenlandsche vraag
194,1880,groote buitenlandsche bladen
195,1880,groote buitenlandsche koopers
196,1880,groote buitenlandsche vraagjpctverbeteren
197,1881,groote buitenlandsche vraag
198,1881,groote buitenlandsche schepen
199,1881,groote buitenlandsche schepen
200,1881,groote buitenlandsche huizen
201,1881,groote buitenlandsche meest
202,1881,groote buitenlandsche koopvaardijers
203,1881,groote buitenlandsche maatschappijen
204,1881,groote buitenlandsche zangeressen
205,1881,groote buitenlandsche bladen
206,1881,groote buitenlandsche veieninngcn
207,1882,groote buitenlandsche maatschappijen
208,1882,groote buitenlandsche kooporders
209,1882,groote buitenlandsche steden
210,1882,groote buitenlandsche vennootschappen
211,1882,groote buitenlandsche tentoonstellingen
212,1882,groote buitenlandsche reizin
213,1882,groote buitenlandsche reien
214,1882,groote buitenlandsche maatschappijen
215,1882,groote buitenlandsche leening
216,1882,groote buitenlandsche monarchiën
217,1882,groote buitenlandsche bladen
218,1883,groote buitenlandsche aanbiedingen
219,1883,groote buitenlandsche inkoopen
220,1883,groote buitenlandsche bladen
221,1883,groote buitenlandsche kooporders
222,1883,groote buitenlandsche centra
223,1883,groote buitenlandsche bladen
224,1883,groote buitenlandsche verkooporders
225,1883,groote buitenlandsche bladen
226,1883,groote buitenlandsche centra
227,1883,■groote buitenlandsche haven
228,1883,groote buitenlandsche haven
229,1883,groote buitenlandsche werken
230,1884,igroote buitenlandsche reis
231,1884,groote buitenlandsche reis
232,1884,groote buitenlandsche bladen
233,1884,groote buitenlandsche consumenten
234,1884,groote buitenlandsche weekmarkten
235,1884,groote buitenlandsche weekmarkten
236,1884,groote buitenlandsche aanvoer
237,1884,groote buitenlandsche bladen
238,1884,groote buitenlandsche gevaar
239,1884,groote buitenlandsche bladen
240,1884,groote buitenlandsche reizen
241,1885,groote buitenlandsche bladen
242,1885,groote buitenlandsche musea
243,1885,groote buitenlandsche steden
244,1885,groote buitenlandsche bladen
245,1885,groote buitenlandsche steden
246,1885,groote buitenlandsche vraagstukken
247,1885,groote buitenlandsche reis
248,1885,groote buitenlandsche fabrikanten
249,1885,groote buitenlandsche stad
250,1885,groote buitenlandsche couranten
251,1885,groote buitenlandsche bladen
252,1885,groote buitenlandsche bladen
253,1885,groote buitenlandsche vooral
254,1885,groote buitenlandsche bladen
255,1885,groote buitenlandsche uitvoeringen
256,1886,groote buitenlandsche bladen
257,1886,groote buitenlandsche concurrentie
258,1886,groote buitenlandsche beurzen
259,1886,groote buitenlandsche inkoopen
260,1886,groote buitenlandsche aankoopen
261,1886,groote buitenlandsche aanbiedingen
262,1886,groote buitenlandsche beurzen
263,1886,groote buitenlandsche havens
264,1886,groote buitenlandsche markten
265,1886,groote buitenlandsche acteurs
266,1886,groote buitenlandsche reis
267,1886,groote buitenlandsche musea
268,1886,groote buitenlandsche beurzen
269,1886,groote buitenlandsche paardenkooplieden
270,1886,groote buitenlandsche markten
271,1886,groote buitenlandsche acteurs
272,1887,groote buitenlandsche bladen
273,1887,groote buitenlandsche handelssteden
274,1887,groote buitenlandsche markten
275,1887,groote buitenlandsche leening
276,1887,groote buitenlandsche leeningon
277,1887,groote buitenlandsche reia
278,1887,groote buitenlandsche inkoopen
279,1887,groote buitenlandsche schouwburgen
280,1887,groote buitenlandsche inkoopen
281,1887,groote buitenlandsche bladen
282,1888,groote buitenlandsche inkoopen
283,1888,groote buitenlandsche inkoopen
284,1888,groote buitenlandsche universiteit
285,1888,groote buitenlandsche steden
286,1888,groote buitenlandsche oorlog
287,1888,groote buitenlandsche universiteit
288,1888,groote buitenlandsche steden
289,1888,groote buitenlandsche inkoopen
290,1888,groote buitenlandsche universiteit
291,1888,groote buitenlandsche universiteit
292,1889,groote buitenlandsche uitvoer
293,1889,groote buitenlandsche inkoopen
294,1889,groote buitenlandsche inkoopen
295,1889,groote buitenlandsche leening
296,1889,groote buitenlandsche inkoopen
297,1889,groote buitenlandsche inkoopen
298,1889,groote buitenlandsche bladen
299,1889,groote buitenlandsche inkoopen
300,1889,groote buitenlandsche leening
301,1889,groote buitenlandsche reizen
302,1889,groote buitenlandsche werf
303,1889,groote buitenlandsche voortbrenger
304,1889,groote buitenlandsche leening
305,1889,groote buitenlandsche aankoopen
306,1889,groote buitenlandsche handelshavens
307,1889,groote buitenlandsche verkoopen
308,1889,groote buitenlandsche handelaars
309,1889,groote buitenlandsche inkoopen
310,1889,groote buitenlandsche reis
311,1889,groote buitenlandsche leening
312,1889,groote buitenlandsche inkoopen
313,1889,groote buitenlandsche leening
314,1889,groote buitenlandsche inkoopen
315,1889,groote buitenlandsche leening
316,1889,groote buitenlandsche ïntoopen
317,1889,groote buitenlandsche leening
318,1889,groote buitenlandsche bladen
319,1890,groote buitenlandsche huizen
320,1890,groote buitenlandsche magazijnen
321,1890,groote buitenlandsche staatkunde
322,1890,groote buitenlandsche inkoopen
323,1890,groote buitenlandsche banken
324,1890,groote buitenlandsche photografen
325,1890,groote buitenlandsche steden
326,1890,groote buitenlandsche tijdschriften
327,1890,groote buitenlandsche staatkunde
328,1890,groote buitenlandsche bankiers
329,1890,groote buitenlandsche reizen
330,1890,groote buitenlandsche staatkudde
331,1890,groote buitenlandsche ijavoerhandelaren
332,1891,groote buitenlandsche reis
333,1891,groote buitenlandsche reis
334,1891,groote buitenlandsche pers
335,1891,groote buitenlandsche kooporders
336,1891,groote buitenlandsche talenten
337,1891,groote buitenlandsche ondernemingen
338,1891,groote buitenlandsche musea
339,1891,groote buitenlandsche bladen
340,1891,groote buitenlandsche bladen
341,1891,groote buitenlandsche inrichtingen
342,1891,groote buitenlandsche endernemingen
343,1891,groote buitenlandsche on
344,1891,groote buitenlandsche bladen
345,1891,groote buitenlandsche firmas
346,1891,groote buitenlandsche bladen
347,1891,groote buitenlandsche huders
348,1891,groote buitenlandsche musea
349,1891,groote buitenlandsche orders
350,1892,degroote buitenlandsche pers
351,1892,groote buitenlandsche beurzen
352,1892,groote buitenlandsche machinefabrieken
353,1892,groote buitenlandsche pers
354,1892,groote buitenlandsche pers
355,1892,groote buitenlandsche reizen
356,1892,groote buitenlandsche bladen
357,1892,groote buitenlandsche productie
358,1892,groote buitenlandsche bladen
359,1892,groote buitenlandsche als
360,1892,groote buitenlandsche machinefabrieken
361,1892,groote buitenlandsche aankoopen
362,1893,groote buitenlandsche vereenigingen
363,1893,groote buitenlandsche vereenigingen
364,1893,groote buitenlandsche magazijnen
365,1893,groote buitenlandsche inkoopen
366,1893,groote buitenlandsche vereenigingen
367,1893,groote buitenlandsche magazijnen
368,1893,groote buitenlandsche firma
369,1893,groote buitenlandsche bladen
370,1893,groote buitenlandsche firmas
371,1893,groote buitenlandsche magazijnen
372,1893,groote buitenlandsche vereenigingen
373,1893,groote buitenlandsche badplaatsen
374,1893,groote buitenlandsche huizen
375,1893,groote buitenlandsche baissepositie
376,1893,groote buitenlandsche magazijnen
377,1893,groote buitenlandsche magazijnen
378,1893,groote buitenlandsche zaken
379,1893,groote buitenlandsche magazijnen
380,1893,groote buitenlandsche magazgnen
381,1893,groote buitenlandsche leening
382,1893,groote buitenlandsche vereenigingen
383,1893,groote buitenlandsche magazijnen
384,1893,groote buitenlandsche magazijnen
385,1893,groote buitenlandsche aanvoeren
386,1893,groote buitenlandsche orders
387,1893,groote buitenlandsche liavenplaatsen
388,1893,groote buitenlandsche magazijnen
389,1893,groote buitenlandsche assurantiemaatschappijen
390,1893,groote buitenlandsche vereenigingen
391,1893,groote buitenlandsche pers
392,1893,groote buitenlandsche magazijnen
393,1893,groote buitenlandsche magazijnen
394,1894,groote buitenlandsche collegas
395,1894,groote buitenlandsche tentoonstelling
396,1894,groote buitenlandsche reis
397,1894,groote buitenlandsche courant
398,1894,groote buitenlandsche bladen
399,1894,groote buitenlandsche stoombooten
400,1894,groote buitenlandsche pen
401,1894,groote buitenlandsche tentoonstelling
402,1894,groote buitenlandsche aandeelhouders
403,1894,groote buitenlandsche bladen
404,1894,groote buitenlandsche stoomboten
405,1894,groote buitenlandsche leening
406,1894,groote buitenlandsche steden
407,1894,groote buitenlandsche bladen
408,1894,groote buitenlandsche aandeelhouders
409,1894,groote buitenlandsche stoombooten
410,1894,groote buitenlandsche stoombooten
411,1894,groote buitenlandsche belanghebbenden
412,1894,groote buitenlandsche steden
413,1894,groote buitenlandsche tentoonstelling
414,1894,groote buitenlandsche steden
415,1895,groote buitenlandsche exeailg
416,1895,groote buitenlandsche leening
417,1895,groote buitenlandsche wapenfabrieken
418,1895,groote buitenlandsche bladenheeft
419,1895,groote buitenlandsche bladen
420,1895,groote buitenlandsche steden
421,1895,groote buitenlandsche belangen
422,1895,groote buitenlandsche blacfsn
423,1895,groote buitenlandsche havens
424,1895,groote buitenlandsche vruchtenveilingen
425,1895,groote buitenlandsche protectie
426,1895,groote buitenlandsche bladen
427,1895,groote buitenlandsche bladen
428,1895,groote buitenlandsche bladen
429,1895,groote buitenlandsche oorlog
430,1895,groote buitenlandsche illustratiën
431,1895,groote buitenlandsche staat3lcening
432,1896,groote buitenlandsche huizen
433,1896,groote buitenlandsche emissiebanken
434,1896,groote buitenlandsche looieruen
435,1896,groote buitenlandsche tijdschriften
436,1896,groote buitenlandsche bladen
437,1896,groote buitenlandsche reis
438,1896,groote buitenlandsche bladen
439,1896,groote buitenlandsche bladen
440,1896,groote buitenlandsche aanvoeren
441,1896,groote buitenlandsche instelling
442,1896,groote buitenlandsche steden
443,1896,groote buitenlandsche rijders
444,1896,groote buitenlandsche bladen
445,1896,groote buitenlandsche handelssteden
446,1896,groote buitenlandsche reis
447,1896,groote buitenlandsche bladen
448,1896,groote buitenlandsche veilingen
449,1896,groote buitenlandsche illustraties
450,1896,groote buitenlandsche bladen
451,1896,groote buitenlandsche vraag
452,1896,groote buitenlandsche verbindingen
453,1896,groote buitenlandsche organen
454,1896,groote buitenlandsche bladen
455,1896,groote buitenlandsche bladen
456,1896,groote buitenlandsche verkoopen
457,1896,groote buitenlandsche politiek
458,1896,groote buitenlandsche bladen
459,1896,groote buitenlandsche bladen
460,1897,groote buitenlandsche handelaren
461,1897,groote buitenlandsche bladen
462,1897,groote buitenlandsche bladen
463,1897,groote buitenlandsche bladen
464,1897,groote buitenlandsche fabriek
465,1897,groote buitenlandsche buitenlandsche
466,1897,groote buitenlandsche stoomvaartmaatschappijen
467,1897,groote buitenlandsche firma
468,1897,groote buitenlandsche publiek
469,1897,groote buitenlandsche lijnen
470,1897,groote buitenlandsche firmas
471,1897,groote buitenlandsche bladen
472,1897,groote buitenlandsche steden
473,1897,groote buitenlandsche wielrijders
474,1897,groote buitenlandsche bladen
475,1897,groote buitenlandsche bladen
476,1897,groote buitenlandsche bladen
477,1897,groote buitenlandsche bladen
478,1897,groote buitenlandsche bladen
479,1897,groote buitenlandsche schepen
480,1897,groote buitenlandsche bladen
481,1897,groote buitenlandsche bladen
482,1897,groote buitenlandsche universiteit
483,1897,groote buitenlandsche wielrgders
484,1898,groote buitenlandsche nieuws
485,1898,groote buitenlandsche vraag
486,1898,groote buitenlandsche revues
487,1898,groote buitenlandsche vraag
488,1898,groote buitenlandsche pers
489,1898,groote buitenlandsche weekbladen
490,1898,groote buitenlandsche pers
491,1898,groote buitenlandsche oorlog
492,1898,groote buitenlandsche bladen
493,1898,groote buitenlandsche inschrijvingen
494,1898,groote buitenlandsche en
495,1898,groote buitenlandsche steden
496,1898,groote buitenlandsche bladen
497,1898,groote buitenlandsche bladen
498,1898,groote buitenlandsche bladen
499,1898,groote buitenlandsche steden
500,1898,groote buitenlandsche bladen
501,1898,groote buitenlandsche bladen
502,1898,groote buitenlandsche bladen
503,1898,groote buitenlandsche vraag
504,1898,groote buitenlandsche staalsleening
505,1898,groote buitenlandsche vraag
506,1898,groote buitenlandsche vraag
507,1898,groote buitenlandsche zusters
508,1898,groote buitenlandsche leening
509,1898,groote buitenlandsche belangen
510,1898,groote buitenlandsche roemen
511,1898,groote buitenlandsche bladen
512,1898,groote buitenlandsche oorlog
513,1898,groote buitenlandsche vraag
514,1899,groote buitenlandsche juweliers
515,1899,groote buitenlandsche vraag
516,1899,groote buitenlandsche leening
517,1899,groote buitenlandsche verkooporder
518,1899,groote buitenlandsche daghladen
519,1899,groote buitenlandsche banken
520,1899,groote buitenlandsche leening
521,1899,groote buitenlandsche dagbladen
522,1899,groote buitenlandsche centra
523,1899,groote buitenlandsche aankoopen
524,1899,groote buitenlandsche steden
525,1899,groote buitenlandsche moeilijkheden
526,1899,groote buitenlandsche bladen
527,1899,groote buitenlandsche nieuwsagentschappen
528,1899,groote buitenlandsche vertoiksters
529,1899,groote buitenlandsche sterren
530,1899,groote buitenlandsche leenillg
531,1899,groote buitenlandsche bende
532,1899,groote buitenlandsche belangstelling
533,1899,groote buitenlandsche vraag
534,1899,groote buitenlandsche centra
535,1899,groote buitenlandsche havens
536,1899,groote buitenlandsche havens
537,1899,groote buitenlandsche schouwburgen
538,1899,groote buitenlandsche pers
539,1899,groote buitenlandsche dagbladen
540,1899,groote buitenlandsche bladen
541,1899,groote buitenlandsche bladen
542,1899,groote buitenlandsche havens
543,1899,groote buitenlandsche leening
544,1899,groote buitenlandsche reizen
545,1900,groote buitenlandsche beslissingen
546,1900,groote buitenlandsche kooporders
547,1900,groote buitenlandsche fabrikanten
548,1900,groote buitenlandsche wedstrijden
549,1900,groote buitenlandsche bankiersfirma
550,1900,groote buitenlandsche fabrieken
551,1900,groote buitenlandsche steden
552,1900,groote buitenlandsche belangen
553,1900,groote buitenlandsche beslissingen
554,1900,groote buitenlandsche fabrikanten
555,1900,groote buitenlandsche bladen
556,1900,groote buitenlandsche bladen
557,1900,groote buitenlandsche politiek
558,1900,groote buitenlandsche bladen
559,1900,groote buitenlandsche wissels
560,1900,groote buitenlandsche bladen
561,1900,groote buitenlandsche bladen
562,1900,groote buitenlandsche kapitalen
563,1900,groote buitenlandsche bladen
564,1900,groote buitenlandsche kapitalen
565,1900,groote buitenlandsche wedstrijden
566,1900,groote buitenlandsche politiek
567,1900,groote buitenlandsche zorgen
568,1900,groote buitenlandsche beslissingen
569,1900,groote buitenlandsche bladen
570,1900,groote buitenlandsche stad
571,1900,groote buitenlandsche beslissingen
572,1900,groote buitenlandsche fabrikanten
573,1900,groote buitenlandsche bladen
574,1901,groote buitenlandsche sanatoria
575,1901,groote buitenlandsche sanatoria
576,1901,groote buitenlandsche tijdschriften
577,1901,groote buitenlandsche legers
578,1901,groote buitenlandsche sanatoria
579,1901,groote buitenlandsche leerlooierijen
580,1901,groote buitenlandsche vraag
581,1901,groote buitenlandsche firma
582,1901,groote buitenlandsche legei
583,1901,groote buitenlandsche reis
584,1901,groote buitenlandsche aangelegei
585,1901,groote buitenlandsche kooporders
586,1901,groote buitenlandsche vraag
587,1901,groote buitenlandsche invoeren
588,1901,groote buitenlandsche sanatoria
589,1901,groote buitenlandsche firmas
590,1901,groote buitenlandsche sanatoria
591,1901,groote buitenlandsche sanatoria
592,1901,groote buitenlandsche bankinstelling
593,1901,groote buitenlandsche bladen
594,1901,groote buitenlandsche firmas
595,1901,groote buitenlandsche sanatoria
596,1901,groote buitenlandsche sanatoria
597,1901,groote buitenlandsche sanatoria
598,1901,groote buitenlandsche stede0
599,1901,groote buitenlandsche bankinstelling
600,1902,groote buitenlandsche maatschappijen
601,1902,groote buitenlandsche heelmeesters
602,1902,groote buitenlandsche tooneelspelers
603,1902,groote buitenlandsche fabriek
604,1902,groote buitenlandsche fabriek
605,1902,groote buitenlandsche reis
606,1902,groote buitenlandsche centra
607,1902,groote buitenlandsche kooporders
608,1902,groote buitenlandsche magazijnen
609,1902,groote buitenlandsche steden
610,1902,groote buitenlandsche politiek
611,1902,groote buitenlandsche niogen»
612,1902,groote buitenlandsche artisten
613,1902,groote buitenlandsche bladen
614,1902,groote buitenlandsche maatschappijen
615,1902,groote buitenlandsche vraag
616,1902,groote buitenlandsche leening
617,1902,groote buitenlandsche steden
618,1902,groote buitenlandsche zonder
619,1902,groote buitenlandsche bank
620,1902,groote buitenlandsche steden
621,1902,groote buitenlandsche steden
622,1902,groote buitenlandsche tournee
623,1902,groote buitenlandsche pers
624,1902,groote buitenlandsche spe
625,1902,groote buitenlandsche vioolkunstenaars
626,1902,groote buitenlandsche illustratiën
627,1902,groote buitenlandsche viang
628,1902,groote buitenlandsche bladen
629,1902,groote buitenlandsche »j
630,1902,groote buitenlandsche koonorders
631,1902,groote buitenlandsche koooorders
632,1902,groote buitenlandsche belangen
633,1902,groote buitenlandsche firmas
634,1902,groote buitenlandsche belangen
635,1902,groote buitenlandsche fabriek
636,1902,groote buitenlandsche fabriek
637,1902,groote buitenlandsche politiek
638,1902,groote buitenlandsche bladen
639,1902,groote buitenlandsche fabriek
640,1902,groote buitenlandsche steden
641,1902,groote buitenlandsche leening
642,1903,groote buitenlandsche beurzen
643,1903,groote buitenlandsche tijdgenooten
644,1903,groote buitenlandsche firmas
645,1903,groote buitenlandsche fabrieken
646,1903,groote buitenlandsche reis
647,1903,groote buitenlandsche beurzen
648,1903,groote buitenlandsche staatsfondsen
649,1903,groote buitenlandsche reis
650,1903,groote buitenlandsche beurzen
651,1903,groote buitenlandsche steden
652,1903,groote buitenlandsche staatsfondsen
653,1903,groote buitenlandsche stoomvaartlijnen
654,1903,groote buitenlandsche steden
655,1903,groote buitenlandsche ondernemingen
656,1903,groote buitenlandsche „freelibraries
657,1903,groote buitenlandsche peis
658,1903,groote buitenlandsche leeninger
659,1903,groote buitenlandsche beurzen
660,1903,groote buitenlandsche ondernemingen
661,1903,groote buitenlandsche concurrentie
662,1903,groote buitenlandsche magazijnen
663,1903,groote buitenlandsche bladen
664,1903,groote buitenlandsche organen
665,1903,groote buitenlandsche staden
666,1903,groote buitenlandsche couranten
667,1903,groote buitenlandsche stoomvaartlijnen
668,1903,groote buitenlandsche firma
669,1903,groote buitenlandsche steden
670,1903,groote buitenlandsche steden
671,1903,groote buitenlandsche bladen
672,1903,groote buitenlandsche kooporders
673,1903,groote buitenlandsche termijnmarkten
674,1903,groote buitenlandsche vraag
675,1903,groote buitenlandsche leeningen
676,1903,groote buitenlandsche beurzen
677,1903,groote buitenlandsche stoomvaartlijnen
678,1903,groote buitenlandsche steden
679,1904,groote buitenlandsche staalfabriek
680,1904,groote buitenlandsche beur•b
681,1904,groote buitenlandsche lijnen
682,1904,groote buitenlandsche beurzen
683,1904,groote buitenlandsche fabrieken
684,1904,groote buitenlandsche fabriek
685,1904,groote buitenlandsche staten
686,1904,groote buitenlandsche maatschappijen
687,1904,groote buitenlandsche tstaaisfondsen
688,1904,groote buitenlandsche beur
689,1904,groote buitenlandsche vereenigingen
690,1904,groote buitenlandsche beurzen
691,1904,groote buitenlandsche beurzen
692,1904,groote buitenlandsche beurzen
693,1904,groote buitenlandsche pors
694,1904,groote buitenlandsche leerlooierijen
695,1904,groote buitenlandsche illustraties
696,1904,groote buitenlandsche illustraties
697,1904,groote buitenlandsche illustraties
698,1904,groote buitenlandsche illustraties
699,1904,groote buitenlandsche illustraties
700,1904,groote buitenlandsche illustraties
701,1904,groote buitenlandsche reis
702,1904,groote buitenlandsche stoomvaart
703,1904,groote buitenlandsche beurzen
704,1904,groote buitenlandsche geleerden
705,1904,groote buitenlandsche beurzen
706,1904,groote buitenlandsche reis
707,1904,groote buitenlandsche beurzen
708,1904,groote buitenlandsche staalfabriek
709,1904,groote buitenlandsche illustraties
710,1904,groote buitenlandsche lijnen
711,1904,groote buitenlandsche steden
712,1904,groote buitenlandsche —taatsfondsen
713,1904,groote buitenlandsche depositos
714,1904,groote buitenlandsche staatsfondsen
715,1904,groote buitenlandsche fabrieken
716,1904,groote buitenlandsche beurzen
717,1904,groote buitenlandsche lexica
718,1904,groote buitenlandsche reis
719,1904,groote buitenlandsche bladen
720,1904,groote buitenlandsche spaarbanken
721,1904,groote buitenlandsche spaarbanken
722,1904,groote buitenlandsche steden
723,1904,groote buitenlandsche beurzen
724,1904,groote buitenlandsche staatsfondsen
725,1904,groote buitenlandsche steden
726,1904,groote buitenlandsche staalfabriek
727,1904,groote buitenlandsche centra
728,1904,groote buitenlandsche staatsfondsen
729,1904,groote buitenlandsche operas
730,1904,groote buitenlandsche centra
731,1904,groote buitenlandsche looierijen
732,1904,groote buitenlandsche kooporders
733,1904,groote buitenlandsche fabrieken
734,1904,groote buitenlandsche beurxen
735,1904,groote buitenlandsche beurzen
736,1904,groote buitenlandsche staatsfondsen
737,1904,groote buitenlandsche krediet
738,1904,groote buitenlandsche bladen
739,1904,groote buitenlandsche steden
740,1904,groote buitenlandsche staatsfondsen
741,1904,groote buitenlandsche koopers
742,1904,groote buitenlandsche ondernemingen
743,1905,groote buitenlandsche pers
744,1905,groote buitenlandsche reis
745,1905,groote buitenlandsche maatschappij
746,1905,groote buitenlandsche aankoopen
747,1905,groote buitenlandsche maatschappij
748,1905,groote buitenlandsche instellingen
749,1905,groote buitenlandsche staatsfondsen
750,1905,groote buitenlandsche pers
751,1905,groote buitenlandsche syndicaten
752,1905,groote buitenlandsche hotels
753,1905,groote buitenlandsche staatsfondeen
754,1905,groote buitenlandsche bladen
755,1905,groote buitenlandsche kunstenaars
756,1905,groote buitenlandsche maatschappij
757,1905,groote buitenlandsche hotels
758,1905,groote buitenlandsche steden
759,1905,groote buitenlandsche bladen
760,1905,groote buitenlandsche kooporders
761,1905,groote buitenlandsche maatschappij
762,1905,groote buitenlandsche staatsfondsen
763,1905,groote buitenlandsche beurzen
764,1905,groote buitenlandsche haren
765,1905,groote buitenlandsche bladen
766,1905,groote buitenlandsche beurzen
767,1905,groote buitenlandsche geldmarkten
768,1905,groote buitenlandsche circulatiebanken
769,1905,groote buitenlandsche beurzen
770,1905,groote buitenlandsche staatstonaseu
771,1905,groote buitenlandsche kapitalisten
772,1905,groote buitenlandsche bladen
773,1905,groote buitenlandsche steden
774,1905,groote buitenlandsche maatschappij
775,1905,groote buitenlandsche worh
776,1905,groote buitenlandsche staatsio
777,1905,groote buitenlandsche beurzen
778,1905,groote buitenlandsche beurzen
779,1905,groote buitenlandsche staatsfondseß
780,1905,groote buitenlandsche instellingen
781,1905,groote buitenlandsche staatsfoadßea
782,1905,groote buitenlandsche kooplimites
783,1905,groote buitenlandsche vraag
784,1905,groote buitenlandsche inschrijvingen
785,1905,groote buitenlandsche statsfondni
786,1905,groote buitenlandsche beurzen
787,1905,groote buitenlandsche staatsfondsen
788,1905,groote buitenlandsche staatsfondsen
789,1905,groote buitenlandsche staatsfondsen
790,1905,groote buitenlandsche staatsfondsen
791,1905,groote buitenlandsche toerbonden
792,1905,groote buitenlandsche hotels
793,1905,groote buitenlandsche staatsfondsen
794,1905,groote buitenlandsche staatefonden
795,1905,groote buitenlandsche staatsfondsen
796,1905,groote buitenlandsche staatsfondsen
797,1905,groote buitenlandsche staatsfondsen
798,1905,groote buitenlandsche kostsoholei
799,1905,groote buitenlandsche kostscholen
800,1905,groote buitenlandsche maatschappij
801,1905,groote buitenlandsche hotels
802,1905,groote buitenlandsche hotels
803,1905,groote buitenlandsche leening
804,1905,groote buitenlandsche hotels
805,1905,groote buitenlandsche staatstondwajen
806,1905,groote buitenlandsche beurt
807,1905,groote buitenlandsche staatsfondsen
808,1905,groote buitenlandsche j»tzeu
809,1905,groote buitenlandsche staatsfondsen
810,1905,groote buitenlandsche kooporders
811,1905,groote buitenlandsche dievenbende
812,1905,vangroote buitenlandsche bladen
813,1905,groote buitenlandsche uitgevers
814,1905,groote buitenlandsche bladen
815,1905,groote buitenlandsche bladen
816,1905,groote buitenlandsche maatschappij
817,1906,groote buitenlandsche staatsfondsen
818,1906,groote buitenlandsche beurzen
819,1906,groote buitenlandsche s»at
820,1906,groote buitenlandsche staatsfondsen
821,1906,groote buitenlandsche beurzen
822,1906,groote buitenlandsche tentoonstellingen
823,1906,groote buitenlandsche staatsfond
824,1906,groote buitenlandsche teden
825,1906,groote buitenlandsche bladen
826,1906,groote buitenlandsche staatsfond6en
827,1906,groote buitenlandsche ld
828,1906,groote buitenlandsche staatsfoud
829,1906,groote buitenlandsche banfc
830,1906,groote buitenlandsche beur
831,1906,groote buitenlandsche plaatsen
832,1906,groote buitenlandsche stad
833,1906,groote buitenlandsche beurzen
834,1906,groote buitenlandsche beurzen
835,1906,groote buitenlandsche steden
836,1906,groote buitenlandsche irzen
837,1906,groote buitenlandsche pers
838,1906,groote buitenlandsche sen
839,1906,groote buitenlandsche bankinstellingen
840,1906,groote buitenlandsche beurzen
841,1906,groote buitenlandsche vloten
842,1906,groote buitenlandsche steden
843,1906,groote buitenlandsche bladen
844,1906,groote buitenlandsche leening
845,1906,groote buitenlandsche staatsfondsen
846,1906,groote buitenlandsche staatefondsen
847,1906,groote buitenlandsche bladen
848,1906,groote buitenlandsche be1
849,1906,groote buitenlandsche steden
850,1906,groote buitenlandsche aatsfonsen
851,1906,groote buitenlandsche btaatsfondsen
852,1906,groote buitenlandsche staatsfondsen
853,1906,groote buitenlandsche fondsen
854,1906,groote buitenlandsche leening
855,1906,groote buitenlandsche bladen
856,1906,groote buitenlandsche belangen
857,1906,groote buitenlandsche kooporders
858,1906,groote buitenlandsche scheepvaartmaatschappijen
859,1906,groote buitenlandsche portefeuille
860,1906,groote buitenlandsche portefeuille
861,1906,groote buitenlandsche beurzen
862,1906,groote buitenlandsche steden
863,1906,groote buitenlandsche staatsfondsen
864,1906,groote buitenlandsche scheepvaartmaatschappijen
865,1906,groote buitenlandsche staatsfondsen
866,1906,groote buitenlandsche staatsfondsen
867,1906,groote buitenlandsche bankinstellingen
868,1906,groote buitenlandsche kooporders
869,1906,groote buitenlandsche scheepvaartmaatschappijen
870,1906,groote buitenlandsche kooporders
871,1906,groote buitenlandsche steden
872,1906,groote buitenlandsche reia
873,1906,groote buitenlandsche pers
874,1906,groote buitenlandsche speelbanken
875,1906,groote buitenlandsche bladen
876,1906,groote buitenlandsche reis
877,1906,groote buitenlandsche huizen
878,1906,groote buitenlandsche bladen
879,1906,groote buitenlandsche reizen
880,1906,groote buitenlandsche rd
881,1906,groote buitenlandsche vraag
882,1906,groote buitenlandsche beurzen
883,1906,groote buitenlandsche staatsfondsen
884,1906,groote buitenlandsche steden
885,1907,groote buitenlandsche staatsfondsen
886,1907,groote buitenlandsche vooral
887,1907,groote buitenlandsche beurzen
888,1907,groote buitenlandsche staatsfondsen
889,1907,groote buitenlandsche in
890,1907,groote buitenlandsche beleggingswaarden
891,1907,groote buitenlandsche staat
892,1907,groote buitenlandsche beurzon
893,1907,groote buitenlandsche staatsittg
894,1907,groote buitenlandsche wereldtentoonstellingen
895,1907,groote buitenlandsche staatsfondsen
896,1907,groote buitenlandsche sfcaatrfondsen
897,1907,groote buitenlandsche staatsfondsen
898,1907,groote buitenlandsche voreenigingen
899,1907,groote buitenlandsche staatsfondsen
900,1907,groote buitenlandsche financieele
901,1907,groote buitenlandsche saldi
902,1907,groote buitenlandsche handelslieden
903,1907,groote buitenlandsche plaatsen
904,1907,groote buitenlandsche staatsfonaj
905,1907,groote buitenlandsche mar
906,1907,groote buitenlandsche beurzen
907,1907,groote buitenlandsche staatsfondsen
908,1907,groote buitenlandsche goudaanvoeren
909,1907,groote buitenlandsche beurzen
910,1907,groote buitenlandsche badplaatsen
911,1907,groote buitenlandsche staatsfondsen
912,1907,groote buitenlandsche bladen
913,1907,groote buitenlandsche artiesten
914,1907,groote buitenlandsche firma
915,1907,groote buitenlandsche fabrieken
916,1907,groote buitenlandsche speculanten
917,1907,groote buitenlandsche steden
918,1907,groote buitenlandsche staatsfondsen
919,1907,groote buitenlandsche 6t
920,1907,groote buitenlandsche verzamelingen
921,1907,groote buitenlandsche 6taatsfondsen
922,1907,groote buitenlandsche markten
923,1907,groote buitenlandsche beurzen
924,1907,groote buitenlandsche staatefondsen
925,1907,groote buitenlandsche bladen
926,1907,groote buitenlandsche reis
927,1907,groote buitenlandsche spoorwegen
928,1907,groote buitenlandsche bladen
929,1907,groote buitenlandsche handelslieden
930,1907,groote buitenlandsche artiesten
931,1907,groote buitenlandsche kooporders
932,1907,groote buitenlandsche firma
933,1907,groote buitenlandsche speculanten
934,1907,groote buitenlandsche handelslieden
935,1907,groote buitenlandsche bladen
936,1907,groote buitenlandsche tuinbouwkundigen
937,1907,groote buitenlandsche het
938,1908,groote buitenlandsche fabriek
939,1908,groote buitenlandsche fabriek
940,1908,groote buitenlandsche bouraen
941,1908,groote buitenlandsche scaatsfondsen
942,1908,groote buitenlandsche reis
943,1908,groote buitenlandsche politiek
944,1908,groote buitenlandsche steden
945,1908,groote buitenlandsche beurzen
946,1908,groote buitenlandsche staatsfondsen
947,1908,groote buitenlandsche staatsfcndscu
948,1908,groote buitenlandsche mogendheid
949,1908,groote buitenlandsche mogendheid
950,1908,groote buitenlandsche politiek
951,1908,groote buitenlandsche pers
952,1908,groote buitenlandsche bladen
953,1908,groote buitenlandsche bladen
954,1908,groote buitenlandsche bladen
955,1908,groote buitenlandsche vraag
956,1908,groote buitenlandsche maatschappijn
957,1908,groote buitenlandsche staatsfondsen
958,1908,groote buitenlandsche salons
959,1908,groote buitenlandsche staatsfondsen
960,1908,groote buitenlandsche olerloale
961,1908,groote buitenlandsche pers
962,1908,groote buitenlandsche bladen
963,1908,groote buitenlandsche reis
964,1908,groote buitenlandsche fabrieken
965,1908,groote buitenlandsche handelaren
966,1908,groote buitenlandsche fabriek
967,1908,groote buitenlandsche politiek
968,1908,groote buitenlandsche staatsfondsen
969,1908,groote buitenlandsche fond»
970,1908,groote buitenlandsche staatsfondsen
971,1908,groote buitenlandsche mogendheid
972,1908,groote buitenlandsche bladen
973,1908,groote buitenlandsche dagbladen
974,1908,groote buitenlandsche fabrieken
975,1908,groote buitenlandsche mogendheid
976,1908,groote buitenlandsche verkeerswegen
977,1908,groote buitenlandsche obligatiën
978,1908,groote buitenlandsche staatsfondsen
979,1908,groote buitenlandsche fabriek
980,1908,groote buitenlandsche reis
981,1908,groote buitenlandsche staatsfoudser
982,1908,groote buitenlandsche beurzen
983,1908,groote buitenlandsche staatsfondsen
984,1908,groote buitenlandsche staatsfondsen
985,1908,groote buitenlandsche staatsfondsen
986,1908,groote buitenlandsche tijdschriften
987,1908,groote buitenlandsche staatsfondsen
988,1908,groote buitenlandsche theaters
989,1908,groote buitenlandsche fondsen
990,1908,groote buitenlandsche trusts
991,1908,groote buitenlandsche staatsfondsen
992,1908,groote buitenlandsche staatsfondsen
993,1908,groote buitenlandsche bladen
994,1908,groote buitenlandsche staatsfondsen
995,1908,groote buitenlandsche centra
996,1908,groote buitenlandsche staatsfoadsen
997,1908,groote buitenlandsche staatsfondsen
998,1908,groote buitenlandsche wedstujden
999,1908,groote buitenlandsche succes
1000,1908,groote buitenlandsche staatsfond
1001,1908,groote buitenlandsche politiek
1002,1908,groote buitenlandsche reizen
1003,1908,groote buitenlandsche bladen
1004,1908,groote buitenlandsche wategan
1005,1908,groote buitenlandsche mocendheid
1006,1908,groote buitenlandsche bladen
1007,1908,groote buitenlandsche mogendheid
1008,1908,groote buitenlandsche wüaftegeh
1009,1908,groote buitenlandsche siaauiomlsen
1010,1908,groote buitenlandsche staatsfondses
1011,1909,groote buitenlandsche bladen
1012,1909,groote buitenlandsche fabrikanten
1013,1909,groote buitenlandsche bladen
1014,1909,groote buitenlandsche pers
1015,1909,groote buitenlandsche staatsdaalden
1016,1909,groote buitenlandsche staatsfondaaa
1017,1909,groote buitenlandsche laboratoria
1018,1909,groote buitenlandsche circulatiebanken
1019,1909,groote buitenlandsche staatsfondsen
1020,1909,groote buitenlandsche philatelisten
1021,1909,groote buitenlandsche steden
1022,1909,groote buitenlandsche beurzen
1023,1909,groote buitenlandsche staatsfond
1024,1909,groote buitenlandsche fondsen
1025,1909,groote buitenlandsche beurzen
1026,1909,groote buitenlandsche beurzen
1027,1909,groote buitenlandsche —zoowel
1028,1909,groote buitenlandsche beurzen
1029,1909,groote buitenlandsche staatsfoncvn
1030,1909,groote buitenlandsche beurzen
1031,1909,groote buitenlandsche beurzen
1032,1909,groote buitenlandsche beurzen
1033,1909,groote buitenlandsche beurzen
1034,1909,groote buitenlandsche staatsfondsen
1035,1909,groote buitenlandsche bladen
1036,1909,groote buitenlandsche bladen
1037,1909,groote buitenlandsche bladen
1038,1909,groote buitenlandsche oorlogsschepen
1039,1909,groote buitenlandsche schepen
1040,1909,groote buitenlandsche stoomvaartmaatschappijen
1041,1909,groote buitenlandsche handelshuizen
1042,1909,groote buitenlandsche beurze
1043,1909,groote buitenlandsche markten
1044,1909,groote buitenlandsche staatsfondsen
1045,1909,groote buitenlandsche «taatsfondsen
1046,1909,groote buitenlandsche steden
1047,1909,groote buitenlandsche wedstrijden
1048,1909,groote buitenlandsche reisboeken
1049,1909,groote buitenlandsche maatschappijen
1050,1909,groote buitenlandsche transatlantische
1051,1909,groote buitenlandsche reizen
1052,1909,groote buitenlandsche beleggingswaarden
1053,1909,groote buitenlandsche beurzen
1054,1909,groote buitenlandsche staatstendsec
1055,1909,groote buitenlandsche staatsfondsen
1056,1909,groote buitenlandsche pers
1057,1909,groote buitenlandsche aaukoopen
1058,1909,groote buitenlandsche pers
1059,1909,groote buitenlandsche bladen
1060,1909,groote buitenlandsche pers
1061,1909,groote buitenlandsche bladen
1062,1909,groote buitenlandsche wedstrijden
1063,1909,groote buitenlandsche reisboeken
1064,1909,groote buitenlandsche bladen
1065,1909,groote buitenlandsche fabrikanten
1066,1909,groote buitenlandsche en
1067,1909,groote buitenlandsche bladen
1068,1909,groote buitenlandsche wedetrgdun
1069,1909,groote buitenlandsche lirmas
1070,1909,groote buitenlandsche staatsfondsen
1071,1909,groote buitenlandsche centra
1072,1909,groote buitenlandsche pets
1073,1909,groote buitenlandsche beleggingswaarden
1074,1909,groote buitenlandsche staatsfondsen
1075,1909,groote buitenlandsche jitaatsfondsen
1076,1909,groote buitenlandsche musea
1077,1909,groote buitenlandsche ondernemingen
1078,1909,groote buitenlandsche aröstien
1079,1909,groote buitenlandsche crisis
1080,1909,groote buitenlandsche beursen
1081,1909,groote buitenlandsche hoofdsteden
1082,1909,groote buitenlandsche staatsfondsen
1083,1909,groote buitenlandsche pers
1084,1909,groote buitenlandsche firmas
1085,1909,groote buitenlandsche wedstrijden
1086,1909,groote buitenlandsche moeilijkheden
1087,1909,groote buitenlandsche firma
1088,1909,groote buitenlandsche staatsfondsen
1089,1909,groote buitenlandsche staatsfondsen
1090,1909,groote buitenlandsche circulatiebanken
1091,1909,groote buitenlandsche afnemers
1092,1909,groote buitenlandsche staatsfondsen
1093,1909,groote buitenlandsche inbegrepen
1094,1909,groote buitenlandsche wedstrijden
1095,1909,groote buitenlandsche crisissen
1096,1909,groote buitenlandsche inrichtingen
1097,1909,groote buitenlandsche wedstrijden
1098,1910,groote buitenlandsche vaderlandsche
1099,1910,groote buitenlandsche veilingen
1100,1910,groote buitenlandsche haven
1101,1910,groote buitenlandsche leening
1102,1910,groote buitenlandsche staatsfondsen
1103,1910,groote buitenlandsche staatsfondsen
1104,1910,groote buitenlandsche beurzen
1105,1910,groote buitenlandsche portefeuille
1106,1910,groote buitenlandsche reizen
1107,1910,groote buitenlandsche distillotieinrichtingen
1108,1910,groote buitenlandsche vlieg
1109,1910,groote buitenlandsche concurrentie
1110,1910,groote buitenlandsche schouwbureen
1111,1910,groote buitenlandsche wereldsteden
1112,1910,groote buitenlandsche fabrieken
1113,1910,groote buitenlandsche staatefondsen
1114,1910,groote buitenlandsche illustraties
1115,1910,groote buitenlandsche han
1116,1910,groote buitenlandsche goudonttrekkingen
1117,1910,groote buitenlandsche beurzen
1118,1910,groote buitenlandsche staatsfondsen
1119,1910,groote buitenlandsche staatsfondsen
1120,1910,groote buitenlandsche staatsfondsen
1121,1910,groote buitenlandsche bladen
1122,1910,groote buitenlandsche staatsfondsen
1123,1910,groote buitenlandsche aatsfondsen
1124,1910,groote buitenlandsche vaderlandsche
1125,1910,groote buitenlandsche illustraties
1126,1910,groote buitenlandsche pers
1127,1910,groote buitenlandsche trusts
1128,1910,groote buitenlandsche fondsenmarkten
1129,1910,groote buitenlandsche staatsfondsen
1130,1910,groote buitenlandsche staatsfondsen
1131,1910,groote buitenlandsche staatsfondsen
1132,1910,groote buitenlandsche fctaatafoaden
1133,1910,groote buitenlandsche mogendheden
1134,1910,groote buitenlandsche staatsfondsen
1135,1910,groote buitenlandsche vaderlandsche
1136,1910,groote buitenlandsche pers
1137,1910,groote buitenlandsche illustraties
1138,1910,groote buitenlandsche bladen
1139,1910,groote buitenlandsche distillatie
1140,1910,groote buitenlandsche fabrieken
1141,1910,groote buitenlandsche staatsfondson
1142,1910,groote buitenlandsche bankinstellingen
1143,1910,groote buitenlandsche staatstondsen
1144,1910,groote buitenlandsche centra
1145,1910,groote buitenlandsche staatsfondsen
1146,1910,groote buitenlandsche staatsfondsen
1147,1910,groote buitenlandsche nederland
1148,1910,groote buitenlandsche pers
1149,1910,groote buitenlandsche kapitalen
1150,1910,groote buitenlandsche beurzen
1151,1910,groote buitenlandsche fondsenmarken
1152,1910,groote buitenlandsche staatsfondsen
1153,1910,groote buitenlandsche staatcfondserf
1154,1910,groote buitenlandsche staatsfondsen
1155,1910,groote buitenlandsche industrieelen
1156,1910,groote buitenlandsche bladen
1157,1910,groote buitenlandsche leening
1158,1910,groote buitenlandsche staatsfondsen
1159,1910,groote buitenlandsche staatsfondsen
1160,1910,groote buitenlandsche wtaatsfondsen
1161,1911,groote buitenlandsche taatsfonden
1162,1911,groote buitenlandsche fondsen
1163,1911,groote buitenlandsche reizen
1164,1911,groote buitenlandsche dagbladen
1165,1911,groote buitenlandsche reis
1166,1911,groote buitenlandsche fabrikanten
1167,1911,groote buitenlandsche financiers
1168,1911,groote buitenlandsche driemaster
1169,1911,groote buitenlandsche pers
1170,1911,groote buitenlandsche beurzen
1171,1911,groote buitenlandsche sti
1172,1911,groote buitenlandsche jachten
1173,1911,groote buitenlandsche soorten
1174,1911,groote buitenlandsche beleggingsfondsen
1175,1911,groote buitenlandsche combinatie
1176,1911,groote buitenlandsche bladen
1177,1911,groote buitenlandsche gemeenten
1178,1911,groote buitenlandsche fruittentoonstelling
1179,1911,groote buitenlandsche reis
1180,1911,groote buitenlandsche pianisten
1181,1911,groote buitenlandsche scheepswerven
1182,1911,groote buitenlandsche tooneelspelers
1183,1911,groote buitenlandsche combinatie
1184,1911,groote buitenlandsche staatsfonj
1185,1911,groote buitenlandsche staatsfondsen
1186,1911,groote buitenlandsche staatsfondaen
1187,1911,groote buitenlandsche beurzen
1188,1911,groote buitenlandsche bpbrten
1189,1911,groote buitenlandsche cartels
1190,1911,groote buitenlandsche reis
1191,1911,groote buitenlandsche artisten
1192,1911,groote buitenlandsche staatsfondsen
1193,1911,groote buitenlandsche inrichtingen
1194,1911,groote buitenlandsche combinatie
1195,1911,groote buitenlandsche exportslagerijen
1196,1911,groote buitenlandsche gemeenten
1197,1911,groote buitenlandsche instellingen
1198,1911,groote buitenlandsche steden
1199,1911,groote buitenlandsche inrichtingen
1200,1911,groote buitenlandsche een
1201,1911,groote buitenlandsche tentoonstellingen
1202,1911,groote buitenlandsche pers
1203,1911,groote buitenlandsche bladen
1204,1911,groote buitenlandsche gemeenten
1205,1911,groote buitenlandsche grondeigenaren
1206,1911,groote buitenlandsche inrichtingen
1207,1911,groote buitenlandsche steden
1208,1911,groote buitenlandsche bestellingen
1209,1911,groote buitenlandsche havens
1210,1911,groote buitenlandsche firmas
1211,1911,groote buitenlandsche staatsfondsen
1212,1911,groote buitenlandsche staatsfondsen
1213,1911,groote buitenlandsche steden
1214,1911,groote buitenlandsche beurzen
1215,1911,groote buitenlandsche banken
1216,1911,groote buitenlandsche staatsfondsen
1217,1911,groote buitenlandsche tentoonstellingen
1218,1911,groote buitenlandsche staatsfondsen
1219,1911,groote buitenlandsche gemeenten
1220,1911,groote buitenlandsche fondsen
1221,1911,groote buitenlandsche leeuingen
1222,1911,groote buitenlandsche fondsen
1223,1911,groote buitenlandsche partijen
1224,1911,groote buitenlandsche staatsfondsen
1225,1911,groote buitenlandsche saldi
1226,1911,groote buitenlandsche staatsfondsen
1227,1912,groote buitenlandsche bladen
1228,1912,groote buitenlandsche organisaties
1229,1912,groote buitenlandsche aankoopen
1230,1912,groote buitenlandsche sta
1231,1912,groote buitenlandsche kooplieden
1232,1912,groote buitenlandsche bladen
1233,1912,groote buitenlandsche en
1234,1912,groote buitenlandsche tentoonstellingen
1235,1912,groote buitenlandsche bladen
1236,1912,groote buitenlandsche bladen
1237,1912,groote buitenlandsche industrieel
1238,1912,groote buitenlandsche bladen
1239,1912,groote buitenlandsche industrieelen
1240,1912,groote buitenlandsche steden
1241,1912,groote buitenlandsche leening
1242,1912,groote buitenlandsche firma
1243,1912,groote buitenlandsche bladen
1244,1912,groote buitenlandsche bladen
1245,1912,groote buitenlandsche firma
1246,1912,groote buitenlandsche firma
1247,1912,groote buitenlandsche steden
1248,1912,groote buitenlandsche steden
1249,1912,groote buitenlandsche staatsfondsen
1250,1912,groote buitenlandsche graanfirmas
1251,1912,groote buitenlandsche leening
1252,1912,groote buitenlandsche centra
1253,1912,groote buitenlandsche oauranten
1254,1912,groote buitenlandsche steden
1255,1912,groote buitenlandsche siaatsfonden
1256,1912,groote buitenlandsche centra
1257,1912,groote buitenlandsche vraag
1258,1912,groote buitenlandsche leening
1259,1912,groote buitenlandsche en
1260,1912,groote buitenlandsche afnemers
1261,1912,groote buitenlandsche staatsfonds«n
1262,1912,groote buitenlandsche couranten
1263,1912,groote buitenlandsche steden
1264,1912,groote buitenlandsche bladen
1265,1912,groote buitenlandsche stad
1266,1912,groote buitenlandsche beurzen
1267,1912,groote buitenlandsche koopers
1268,1912,groote buitenlandsche staatsfondsen
1269,1912,groote buitenlandsche maatschappijen
1270,1912,groote buitenlandsche universiteiten
1271,1912,groote buitenlandsche steden
1272,1912,groote buitenlandsche werken
1273,1912,overgroote buitenlandsche contingent
1274,1912,groote buitenlandsche magazijnen
1275,1912,groote buitenlandsche en
1276,1912,groote buitenlandsche steden
1277,1912,groote buitenlandsche steden
1278,1912,groote buitenlandsche plannen
1279,1912,groote buitenlandsche modezaken
1280,1912,groote buitenlandsche bibliotheken
1281,1912,groote buitenlandsche staatsobligatiën
1282,1912,groote buitenlandsche vraag
1283,1912,groote buitenlandsche steden
1284,1912,metersgroote buitenlandsche kranten
1285,1912,groote buitenlandsche reis
1286,1912,groote buitenlandsche reserves
1287,1912,groote buitenlandsche graanfirmas
1288,1912,groote buitenlandsche ve
1289,1912,groote buitenlandsche staatsfondsen
1290,1912,groote buitenlandsche staatsfondsen
1291,1912,groote buitenlandsche universiteiten
1292,1913,groote buitenlandsche kolenschepen
1293,1913,groote buitenlandsche orders
1294,1913,groote buitenlandsche leeningen
1295,1913,groote buitenlandsche bladen
1296,1913,groote buitenlandsche bladen
1297,1913,groote buitenlandsche componistenvereeniglngen
1298,1913,overgroote buitenlandsche cliënteel
1299,1913,groote buitenlandsche bladen
1300,1913,groote buitenlandsche jachten
1301,1913,groote buitenlandsche poolonderaoekers
1302,1913,groote buitenlandsche misbaar
1303,1913,groote buitenlandsche staatsfondsen
1304,1913,groote buitenlandsche staatsfondsen
1305,1913,groote buitenlandsche steden
1306,1913,groote buitenlandsche staatsfondsen
1307,1913,groote buitenlandsche staatsfondsen
1308,1913,groote buitenlandsche firma
1309,1913,groote buitenlandsche stoomvaart
1310,1913,groote buitenlandsche staatsfondsen
1311,1913,groote buitenlandsche werven
1312,1913,groote buitenlandsche steden
1313,1913,groote buitenlandsche firmas
1314,1913,groote buitenlandsche staatsfondsen
1315,1913,groote buitenlandsche componistenvereenigingen
1316,1913,groote buitenlandsche markten
1317,1913,groote buitenlandsche vraag
1318,1913,groote buitenlandsche invoeren
1319,1913,groote buitenlandsche bank
1320,1913,groote buitenlandsche handelaars
1321,1913,groote buitenlandsche steden
1322,1913,groote buitenlandsche staatsfondsen
1323,1913,groote buitenlandsche consumenten
1324,1913,groote buitenlandsche staatsfondsen
1325,1913,groote buitenlandsche fondsenmarkten
1326,1913,groote buitenlandsche centra
1327,1913,groote buitenlandsche bedrijven
1328,1913,groote buitenlandsche handboeken
1329,1913,groote buitenlandsche pers
1330,1913,groote buitenlandsche staatsfondsen
1331,1913,groote buitenlandsche staatsfondsen
1332,1913,tweegroote buitenlandsche banken
1333,1913,groote buitenlandsche markten
1334,1913,groote buitenlandsche stoomvaart
1335,1913,groote buitenlandsche markten
1336,1913,groote buitenlandsche reis
1337,1913,groote buitenlandsche hausse
1338,1913,groote buitenlandsche museeën
1339,1913,groote buitenlandsche belangen
1340,1913,groote buitenlandsche bladen
1341,1913,groote buitenlandsche fondsen
1342,1913,groote buitenlandsche staatsfondsen
1343,1913,groote buitenlandsche aankoopen
1344,1913,groote buitenlandsche staatsfondsen
1345,1913,groote buitenlandsche fabrieken
1346,1913,groote buitenlandsche sq
1347,1913,groote buitenlandsche pers
1348,1913,groote buitenlandsche huinis
1349,1913,groote buitenlandsche huizen
1350,1913,groote buitenlandsche firma
1351,1913,groote buitenlandsche etoomvaart
1352,1913,groote buitenlandsche vraagstukken
1353,1913,groote buitenlandsche centra
1354,1913,groote buitenlandsche reizen
1355,1913,groote buitenlandsche staatsfondsen
1356,1913,groote buitenlandsche staatsfondsen
1357,1913,groote buitenlandsche staatsfondsen
1358,1913,groote buitenlandsche staatsfondsen
1359,1913,groote buitenlandsche centra
1360,1913,groote buitenlandsche staatsfondsen
1361,1913,groote buitenlandsche reis
1362,1913,groote buitenlandsche steaen
1363,1913,groote buitenlandsche huizen
1364,1913,groote buitenlandsche afname
1365,1913,groote buitenlandsche genootschappen
1366,1913,groote buitenlandsche bank
1367,1913,groote buitenlandsche chemische
1368,1913,groote buitenlandsche bladen
1369,1913,groote buitenlandsche staatsfondseu
1370,1913,groote buitenlandsche bank
1371,1913,groote buitenlandsche staatsfondsen
1372,1913,groote buitenlandsche stoomvaartmaatschappijea
1373,1913,groote buitenlandsche firmas
1374,1914,groote buitenlandsche bezit
1375,1914,groote buitenlandsche mogendheden
1376,1914,groote buitenlandsche staatsfondsen
1377,1914,groote buitenlandsche staatsfondsen
1378,1914,groote buitenlandsche steden
1379,1914,groote buitenlandsche steden
1380,1914,groote buitenlandsche marines
1381,1914,groote buitenlandsche centra
1382,1914,groote buitenlandsche staatsfondsen
1383,1914,groote buitenlandsche staatsfonclsen
1384,1914,groote buitenlandsche staatsfondsen
1385,1914,groote buitenlandsche marines
1386,1914,groote buitenlandsche marines
1387,1914,groote buitenlandsche steden
1388,1914,groote buitenlandsche vooral
1389,1914,groote buitenlandsche steden
1390,1914,groote buitenlandsche hotels
1391,1914,groote buitenlandsche vraag
1392,1914,groote buitenlandsche stoomvaartmaatschappij
1393,1914,groote buitenlandsche kunstenares
1394,1914,groote buitenlandsche staatsfondsen
1395,1914,groote buitenlandsche staatsfondsen
1396,1914,groote buitenlandsche staatsfondsen
1397,1914,groote buitenlandsche lijnen
1398,1914,groote buitenlandsche steden
1399,1914,groote buitenlandsche reizen
1400,1914,groote buitenlandsche «teden
1401,1914,groote buitenlandsche reis
1402,1914,groote buitenlandsche bladen
1403,1914,groote buitenlandsche bladen
1404,1914,groote buitenlandsche firma
1405,1914,groote buitenlandsche firmas
1406,1914,groote buitenlandsche spotbladen
1407,1914,groote buitenlandsche pers
1408,1914,groote buitenlandsche steden
1409,1914,groote buitenlandsche nieuws
1410,1914,groote buitenlandsche illustratiën
1411,1914,groote buitenlandsche steden
1412,1914,groote buitenlandsche groote
1413,1914,groote buitenlandsche btaatsfondsen
1414,1914,groote buitenlandsche staatsfondsen
1415,1914,groote buitenlandsche zaken
1416,1914,groote buitenlandsche beurzon
1417,1914,groote buitenlandsche beurzen
1418,1914,groote buitenlandsche hotels
1419,1914,groote buitenlandsche btéden
1420,1914,groote buitenlandsche financieele
1421,1914,groote buitenlandsche staatsfondsen
1422,1914,groote buitenlandsche steden
1423,1914,groote buitenlandsche instellingen
1424,1914,groote buitenlandsche stations
1425,1914,groote buitenlandsche paspoort
1426,1914,groote buitenlandsche liquidatiën
1427,1914,groote buitenlandsche scheepsbouwondernetning
1428,1914,groote buitenlandsche eden
1429,1914,groote buitenlandsche hotels
1430,1914,groote buitenlandsche vraag
1431,1914,groote buitenlandsche bladen
1432,1914,groote buitenlandsche gemeenten
1433,1914,groote buitenlandsche staatsfondsen
1434,1914,groote buitenlandsche staatsfondsen
1435,1914,groote buitenlandsche staatsfondsen
1436,1914,groote buitenlandsche beurzen
1437,1914,groote buitenlandsche staatsfondsen
